League of Legends,1
PLAYERUNKNOWN'S BATTLEGROUNDS,1
Parsec,1
League of Legends,1
PLAYERUNKNOWN'S BATTLEGROUNDS,1
Parsec,1
PLAYERUNKNOWN'S BATTLEGROUNDS,1
Parsec,1
World of Warcraft,1
PLAYERUNKNOWN'S BATTLEGROUNDS,1
Parsec,1
World of Warcraft,1
League of Legends,1
PLAYERUNKNOWN'S BATTLEGROUNDS,1
Parsec,1
World of Warcraft,1
League of Legends,1
PLAYERUNKNOWN'S BATTLEGROUNDS,1
Parsec,1
World of Warcraft,1
League of Legends,1
PLAYERUNKNOWN'S BATTLEGROUNDS,1
Parsec,1
World of Warcraft,1
PLAYERUNKNOWN'S BATTLEGROUNDS,1
Parsec,1
World of Warcraft,1
League of Legends,1
PLAYERUNKNOWN'S BATTLEGROUNDS,1
Parsec,1
World of Warcraft,1
League of Legends,1
PLAYERUNKNOWN'S BATTLEGROUNDS,1
Parsec,1
World of Warcraft,1
League of Legends,1
PLAYERUNKNOWN'S BATTLEGROUNDS,1
Parsec,1
World of Warcraft,1
League of Legends,1
Rocket League,1
PLAYERUNKNOWN'S BATTLEGROUNDS,1
Parsec,1
World of Warcraft,1
League of Legends,1
Rocket League,1
PLAYERUNKNOWN'S BATTLEGROUNDS,1
Parsec,1
World of Warcraft,1
League of Legends,1
Rocket League,1
PLAYERUNKNOWN'S BATTLEGROUNDS,1
Parsec,1
World of Warcraft,1
League of Legends,1
Rocket League,1
PLAYERUNKNOWN'S BATTLEGROUNDS,1
Parsec,1
World of Warcraft,1
League of Legends,1
Rocket League,1
PLAYERUNKNOWN'S BATTLEGROUNDS,1
Parsec,1
World of Warcraft,1
Spotify,1
Rocket League,1
PLAYERUNKNOWN'S BATTLEGROUNDS,1
Parsec,1
World of Warcraft,1
Spotify,1
Rocket League,1
PLAYERUNKNOWN'S BATTLEGROUNDS,1
Parsec,1
World of Warcraft,1
Spotify,1
Rocket League,1
PLAYERUNKNOWN'S BATTLEGROUNDS,1
Parsec,1
World of Warcraft,1
Spotify,1
Rocket League,1
PLAYERUNKNOWN'S BATTLEGROUNDS,1
Parsec,1
World of Warcraft,1
Spotify,3
Tom Clancy's The Division 2,1
League of Legends,1
StarCraft II,1
Overwatch,2
World of Warcraft,1
Spotify,3
Tom Clancy's The Division 2,1
League of Legends,1
StarCraft II,1
Overwatch,2
World of Warcraft,1
Spotify,3
Tom Clancy's The Division 2,1
League of Legends,1
StarCraft II,1
Overwatch,2
World of Warcraft,1
Spotify,3
Tom Clancy's The Division 2,1
League of Legends,1
StarCraft II,1
Overwatch,2
World of Warcraft,1
Spotify,1
Rocket League,1
PLAYERUNKNOWN'S BATTLEGROUNDS,1
World of Warcraft,1
Spotify,1
Rocket League,1
PLAYERUNKNOWN'S BATTLEGROUNDS,1
Minecraft,1
League of Legends,1
StarCraft II,1
Overwatch,2
World of Warcraft,1
Spotify,3
Tom Clancy's The Division 2,1
PLAYERUNKNOWN'S BATTLEGROUNDS,3
Minecraft,1
League of Legends,2
StarCraft II,1
Overwatch,1
Tom Clancy's The Division 2,1
PLAYERUNKNOWN'S BATTLEGROUNDS,3
Minecraft,1
League of Legends,2
StarCraft II,1
Overwatch,1
Tom Clancy's The Division 2,1
League of Legends,1
StarCraft II,1
Overwatch,2
World of Warcraft,1
Spotify,1
Maplestory,1
FiveM,2
Overwatch,2
World of Warcraft,1
Spotify,1
Maplestory,1
FiveM,2
Tom Clancy's The Division 2,1
League of Legends,1
Overwatch,2
World of Warcraft,1
Spotify,1
Maplestory,1
FiveM,2
Tom Clancy's The Division 2,1
League of Legends,1
Overwatch,2
World of Warcraft,1
Spotify,1
Maplestory,1
FiveM,2
Tom Clancy's The Division 2,1
League of Legends,1
Overwatch,2
World of Warcraft,1
Spotify,1
Maplestory,1
FiveM,2
Tom Clancy's The Division 2,1
League of Legends,1
Overwatch,2
World of Warcraft,1
Spotify,1
Maplestory,1
FiveM,2
Tom Clancy's The Division 2,1
League of Legends,1
PLAYERUNKNOWN'S BATTLEGROUNDS,1
Parsec,1
World of Warcraft,1
League of Legends,1
PLAYERUNKNOWN'S BATTLEGROUNDS,1
Parsec,1
World of Warcraft,1
League of Legends,1
PLAYERUNKNOWN'S BATTLEGROUNDS,1
Parsec,1
World of Warcraft,1
League of Legends,1
League of Legends,1
StarCraft II,1
